{
	"info": {
		"_postman_id": "1bbe17ab-d20e-49a6-ad27-8d128dd95cba",
		"name": "API",
		"description": "ASP.NET Core Web API 应用",
		"schema": "https://schema.getpostman.com/json/collection/v2.1.0/collection.json"
	},
	"item": [
		{
			"name": "添加图书",
			"request": {
				"method": "POST",
				"header": [],
				"body": {
					"mode": "raw",
					"raw": "{\n    \"Title\": \"ASP.NET Core开发\",\n    \"Author\": \"zhang\",\n    \"PublicationDate\": \"2020-01-01\"\n}",
					"options": {
						"raw": {
							"language": "json"
						}
					}
				},
				"url": {
					"raw": "https://localhost:5001/api/Book",
					"protocol": "https",
					"host": [
						"localhost"
					],
					"port": "5001",
					"path": [
						"api",
						"Book"
					]
				}
			},
			"response": []
		},
		{
			"name": "获取所有图书",
			"request": {
				"method": "GET",
				"header": [],
				"url": {
					"raw": "https://localhost:5001/api/Book",
					"protocol": "https",
					"host": [
						"localhost"
					],
					"port": "5001",
					"path": [
						"api",
						"Book"
					]
				}
			},
			"response": []
		},
		{
			"name": "根据id获取图书",
			"request": {
				"method": "GET",
				"header": [],
				"url": {
					"raw": "https://localhost:5001/api/Book/1",
					"protocol": "https",
					"host": [
						"localhost"
					],
					"port": "5001",
					"path": [
						"api",
						"Book",
						"1"
					]
				}
			},
			"response": []
		},
		{
			"name": "更新图书",
			"request": {
				"method": "PUT",
				"header": [],
				"body": {
					"mode": "raw",
					"raw": "{\n\t\"id\":1,\n    \"Title\": \"ASP.NET Core开发实战\",\n    \"Author\": \"zhangjq\",\n    \"PublicationDate\": \"2020-05-01\"\n}",
					"options": {
						"raw": {
							"language": "json"
						}
					}
				},
				"url": {
					"raw": "https://localhost:5001/api/Book/1",
					"protocol": "https",
					"host": [
						"localhost"
					],
					"port": "5001",
					"path": [
						"api",
						"Book",
						"1"
					]
				}
			},
			"response": []
		},
		{
			"name": "删除图书",
			"request": {
				"method": "DELETE",
				"header": [],
				"url": {
					"raw": "https://localhost:5001/api/Book/1",
					"protocol": "https",
					"host": [
						"localhost"
					],
					"port": "5001",
					"path": [
						"api",
						"Book",
						"1"
					]
				}
			},
			"response": []
		}
	],
	"protocolProfileBehavior": {}
}