{
  "culture": "zh-Hans",
  "texts": {
    "Menu:Home": "首页",
    "Welcome": "欢迎",
    "LongWelcomeMessage": "欢迎来到该应用程序. 这是一个基于ABP框架的启动项目. 有关更多信息, 请访问 cn.abp.io.",
    "Menu:BookStore": "图书管理",
    "Menu:Books": "图书",
    "Books": "图书",
    "Cover": "封面",
    "Name": "书名",
    "Type": "类型",
    "PublishDate": "出版日期",
    "Price": "价格",
    "Description": "描述",
    "CreationTime": "创建时间",
    "NewBook": "新增图书",
    "CoverFile": "封面文件",
    "UpdateBook": "修改图书",
    "Actions": "操作",
    "Actions:Edit": "编辑",
    "Actions:Delete": "删除",
    "BookDeletionConfirmationMessage": "你确定删除该图书？",
    "SuccessfullyDeleted": "删除成功"
  }
}